id,title,description,availability,condition,price,link,image_link,brand,google_product_category
cml87u9qy0001l804pwnx4av7,"Ø¬Ù„Ø§Ø¨ÙŠØ© Ù‚Ø·ÙŠÙÙ‡ ÙØ±Ù†Ø³Ø§ÙˆÙŠ Ù…Ø³ØªÙˆØ±Ø¯ ","Ø¬Ù„Ø§Ø¨ÙŠØ© Ù‚Ø·ÙŠÙÙ‡ ÙØ±Ù†Ø³Ø§ÙˆÙŠ Ù…Ø³ØªÙˆØ±Ø¯ ",in stock,new,500 EGP,https://www.remostore.net/product/cml87u9qy0001l804pwnx4av7,https://res.cloudinary.com/disd7lhsd/image/upload/v1770220747/remostore/products/lpsbehcmfehwq5cdpylb.jpg,Remo Store,cosmetics
cml88fes00001ih04nut4h3qc,"Ø³Ù„Ø³Ù„Ø© Ø§Ø³ØªØ§Ù†Ù„Ø³ ","Ø³Ù„Ø³Ù„Ø© Ø§Ø³ØªØ§Ù†Ù„Ø³ ",in stock,new,60 EGP,https://www.remostore.net/product/cml88fes00001ih04nut4h3qc,https://res.cloudinary.com/disd7lhsd/image/upload/v1770221785/remostore/products/t3e9ymy8afepvdqu6mdc.jpg,Remo Store,cosmetics
cml8l87yb0001i404vn2dmntv,"Ø¨Ø±ÙØ§Ù†","Ø¨Ø±ÙØ§Ù†",in stock,new,185 EGP,https://www.remostore.net/product/cml8l87yb0001i404vn2dmntv,https://res.cloudinary.com/disd7lhsd/image/upload/v1770243096/remostore/products/ejavnm5fvm4xvdtvjhdr.jpg,Remo Store,cosmetics
cml8m2ks80001ic04853zmye3,"Ø±ÙˆØ¬ Ù…Ø· ","Ø±ÙˆØ¬ Ù…Ø· ",in stock,new,35 EGP,https://www.remostore.net/product/cml8m2ks80001ic04853zmye3,https://res.cloudinary.com/disd7lhsd/image/upload/v1770244784/remostore/products/orf27fxmomfhqvpp1voq.jpg,Remo Store,cosmetics
cml8m8u8y0001i80478tgw3yq,"Ø¥Ø³Ø¯Ø§Ù„ Ø¹Ø±Ø¨ÙŠ ","Ø¥Ø³Ø¯Ø§Ù„ Ø¹Ø±Ø¨ÙŠ ",in stock,new,500 EGP,https://www.remostore.net/product/cml8m8u8y0001i80478tgw3yq,https://res.cloudinary.com/disd7lhsd/image/upload/v1770243667/remostore/products/fflmq83uftokwuqr8csu.jpg,Remo Store,General
cml8mj3ka0001ih04lq183z16,"Nails ","Nails ",in stock,new,50 EGP,https://www.remostore.net/product/cml8mj3ka0001ih04lq183z16,https://res.cloudinary.com/disd7lhsd/image/upload/v1770245340/remostore/products/gtcyu6pyymztkxxmwwox.jpg,Remo Store,cosmetics
cml8rqahs000bla04r324ruib,"Ø¬Ù„Ø§Ø¨ÙŠØ© Ù‚Ø·ÙŠÙÙ‡ ÙØ±Ù†Ø³Ø§ÙˆÙŠ Ù…Ø³ØªÙˆØ±Ø¯ ","Ø¬Ù„Ø§Ø¨ÙŠØ© Ù‚Ø·ÙŠÙÙ‡ ÙØ±Ù†Ø³Ø§ÙˆÙŠ Ù…Ø³ØªÙˆØ±Ø¯ ",in stock,new,400 EGP,https://www.remostore.net/product/cml8rqahs000bla04r324ruib,https://res.cloudinary.com/disd7lhsd/image/upload/v1770254207/remostore/products/cqsu3hsk61lukpv1vyjn.jpg,Remo Store,cosmetics
cml8s0cl80001l704v50kp5zd,"Ù…Ø³ÙƒØ±Ù‡ 7D","7D Mascara gives your lashes dramatic volume, length, and definition from the first swipe. Its advanced formula enhances lash thickness and length while perfectly separating each lash without clumping or smudging. The specially designed brush reaches even the smallest lashes for a bold, eye-catching look that lasts all day.

Key Features:

Extreme volume and length

Deep black color

Long-lasting, smudge-free formula

Easy to remove

Suitable for daily wear and special occasions",in stock,new,50 EGP,https://www.remostore.net/product/cml8s0cl80001l704v50kp5zd,https://res.cloudinary.com/disd7lhsd/image/upload/v1770247929/remostore/products/i65yzrzcoocttdle7imx.jpg,Remo Store,cosmetics
cml8s4jdo0001l0040wsci9up,"Ø§Ø³Ø¯Ø§Ù„ Ù‚Ø·ÙŠÙØ©","Ø§Ø³Ø¯Ø§Ù„ Ù‚Ø·ÙŠÙØ©",in stock,new,385 EGP,https://www.remostore.net/product/cml8s4jdo0001l0040wsci9up,https://res.cloudinary.com/disd7lhsd/image/upload/v1770254900/remostore/products/ksfe2pi2cqbcj1ofdcra.jpg,Remo Store,cosmetics
cml9obk190001l704kpzng001,"Ø¨Ø±ÙØ§Ù† ","Ø¨Ø±ÙØ§Ù† ",in stock,new,400 EGP,https://www.remostore.net/product/cml9obk190001l704kpzng001,https://res.cloudinary.com/disd7lhsd/image/upload/v1770308739/remostore/products/kue2xkhruhl3ywhineca.jpg,Remo Store,cosmetics
cml9v5rph0001l504lmm1qk3o,"Ø±ÙˆØ¬ ","Ø±ÙˆØ¬ ",in stock,new,45 EGP,https://www.remostore.net/product/cml9v5rph0001l504lmm1qk3o,https://res.cloudinary.com/disd7lhsd/image/upload/v1770318198/remostore/products/eeje0f5ehy1zsntqwui7.jpg,Remo Store,cosmetics
cmlacjfbu0001la04x0hjvhr2,"Nails ","Nails ",in stock,new,40 EGP,https://www.remostore.net/product/cmlacjfbu0001la04x0hjvhr2,https://res.cloudinary.com/disd7lhsd/image/upload/v1770349605/remostore/products/vgydenbkncivssi4h9nw.jpg,Remo Store,cosmetics
cmlacqblj0001jr04oerckuh3,"ÙƒØ±ÙŠÙ… Ø§Ø³Ø§Ø³","ÙƒØ±ÙŠÙ… Ø§Ø³Ø§Ø³",in stock,new,110 EGP,https://www.remostore.net/product/cmlacqblj0001jr04oerckuh3,https://res.cloudinary.com/disd7lhsd/image/upload/v1770349939/remostore/products/gbeclrfebzdlu2uqhpg7.jpg,Remo Store,cosmetics
cmlbhky540002l104kunzd128,"Nails ","Nails ",in stock,new,45 EGP,https://www.remostore.net/product/cmlbhky540002l104kunzd128,https://res.cloudinary.com/disd7lhsd/image/upload/v1770418418/remostore/products/cef4m7mmn8chalz21lca.jpg,Remo Store,cosmetics
cmlbi2on40001l804j7t37oij,"Ù…Ø²ÙŠÙ„ Ø§Ù„Ù…ÙŠÙƒ Ø§Ø¨","Ù…Ø²ÙŠÙ„ Ø§Ù„Ù…ÙŠÙƒ Ø§Ø¨",in stock,new,200 EGP,https://www.remostore.net/product/cmlbi2on40001l804j7t37oij,https://res.cloudinary.com/disd7lhsd/image/upload/v1770419103/remostore/products/ye1taeqlnhpnqlkfyteq.jpg,Remo Store,cosmetics
cmlbihiro0001l704t4ylfg46,"Ù‡Ø§ÙŠÙ„Ø§ÙŠØªØ± ","Ù‡Ø§ÙŠÙ„Ø§ÙŠØªØ± ",in stock,new,90 EGP,https://www.remostore.net/product/cmlbihiro0001l704t4ylfg46,https://res.cloudinary.com/disd7lhsd/image/upload/v1770419884/remostore/products/yp6pzctzhecwxeyr52kf.jpg,Remo Store,cosmetics
cmlclaoak0001ky04qkch7emi,"Ø§Ø³ØªØ§Ù†Ù„Ø³ Ø¨ÙŠÙˆØ± ","Ø§Ø³ØªØ§Ù†Ù„Ø³ Ø¨ÙŠÙˆØ± ",in stock,new,70 EGP,https://www.remostore.net/product/cmlclaoak0001ky04qkch7emi,https://res.cloudinary.com/disd7lhsd/image/upload/v1770485344/remostore/products/x6mg69tvglw5bmd6etgd.jpg,Remo Store,accessories
cmlclfsyz0001jp044jywajhj,"Ø³ÙŠØ±Ù… Ù„Ù„Ø´Ø¹Ø± ","Ø³ÙŠØ±Ù… Ù„Ù„Ø´Ø¹Ø± ",in stock,new,150 EGP,https://www.remostore.net/product/cmlclfsyz0001jp044jywajhj,https://res.cloudinary.com/disd7lhsd/image/upload/v1770485470/remostore/products/vwxld7oqblzfkthu3wey.jpg,Remo Store,cosmetics
cmlcli7xy0001jv047jlvmvs7,"Ù…Ø³ÙƒØ±Ø§ Ø¨ØªÙƒØ«Ù Ø±Ù…ÙˆØ´Ùƒ","Ù…Ø³ÙƒØ±Ø§ Ø¨ØªÙƒØ«Ù Ø±Ù…ÙˆØ´Ùƒ",in stock,new,120 EGP,https://www.remostore.net/product/cmlcli7xy0001jv047jlvmvs7,https://res.cloudinary.com/disd7lhsd/image/upload/v1770485666/remostore/products/prxw2gxng22y4z6nqtga.jpg,Remo Store,cosmetics
cmlclj7g50004jv04yrip9p86,"ØºØ³ÙˆÙ„ ÙˆÙ…Ø²ÙŠÙ„ Ø§Ù„Ù…ÙŠÙƒ Ø§Ø¨ ","ØºØ³ÙˆÙ„ ÙˆÙ…Ø²ÙŠÙ„ Ø§Ù„Ù…ÙŠÙƒ Ø§Ø¨ ",in stock,new,300 EGP,https://www.remostore.net/product/cmlclj7g50004jv04yrip9p86,https://res.cloudinary.com/disd7lhsd/image/upload/v1770485702/remostore/products/ua0kaiq2teo5b7uf9gzk.jpg,Remo Store,cosmetics
cmlclvaes0006jv04drnow8ji,"ÙƒØ±ÙŠÙ… Ø§Ù„Ø´Ø¹Ø±","ÙƒØ±ÙŠÙ… Ø§Ù„Ø´Ø¹Ø±",in stock,new,65 EGP,https://www.remostore.net/product/cmlclvaes0006jv04drnow8ji,https://res.cloudinary.com/disd7lhsd/image/upload/v1770486159/remostore/products/kkeb1rx103mrefx4fzhp.jpg,Remo Store,cosmetics
cmlcpesxr0001l8046x5khe8w,"Ù…Ø§Ø³ÙƒØ±Ø§","Ù…Ø§Ø³ÙƒØ±Ø§",in stock,new,100 EGP,https://www.remostore.net/product/cmlcpesxr0001l8046x5khe8w,https://res.cloudinary.com/disd7lhsd/image/upload/v1770492236/remostore/products/smagq1cdpnkvwenlqnzr.jpg,Remo Store,cosmetics
cmlcth3so0001ib04ykv4c2tf,"ÙƒØ±ÙŠÙ… Ø§Ù„Ø´Ø¹Ø± ÙƒÙ„ ÙˆØ§Ø­Ø¯ Ù…ØªØ®ØµØµ Ù„Ø­Ø§Ø¬Ù‡ Ù…Ø¹ÙŠÙ†Ù‡ Ù„Ù„Ø´Ø¹Ø± Ø¨ Ù¦Ù¥ Ø¬Ù†ÙŠÙ‡ âš¡âš¡","ÙƒØ±ÙŠÙ… Ø§Ù„Ø´Ø¹Ø± ÙƒÙ„ ÙˆØ§Ø­Ø¯ Ù…ØªØ®ØµØµ Ù„Ø­Ø§Ø¬Ù‡ Ù…Ø¹ÙŠÙ†Ù‡ Ù„Ù„Ø´Ø¹Ø± Ø¨ Ù¦Ù¥ Ø¬Ù†ÙŠÙ‡ âš¡âš¡",in stock,new,65 EGP,https://www.remostore.net/product/cmlcth3so0001ib04ykv4c2tf,https://res.cloudinary.com/disd7lhsd/image/upload/v1770499072/remostore/products/mgpyywll8g5sa9goag8u.jpg,Remo Store,cosmetics
cmlctim3k0001lg04er4eof0c,"ØºØ³ÙˆÙ„ Ø¨ÙƒÙŠÙ†ÙŠ Ø¨ Ù¡Ù¨Ù  Ø¬Ù†ÙŠÙ‡ ğŸŒ¹","ØºØ³ÙˆÙ„ Ø¨ÙƒÙŠÙ†ÙŠ Ø¨ Ù¡Ù¨Ù  Ø¬Ù†ÙŠÙ‡ ğŸŒ¹",in stock,new,180 EGP,https://www.remostore.net/product/cmlctim3k0001lg04er4eof0c,https://res.cloudinary.com/disd7lhsd/image/upload/v1770499161/remostore/products/hg0r7n8kpfb50kdnmnoc.jpg,Remo Store,cosmetics
cmlcur7sa0001ih04x5o2al5x,"Ø¨Ù„Ø§Ø´Ø± MT","Ø¨Ù„Ø§Ø´Ø± MT",in stock,new,55 EGP,https://www.remostore.net/product/cmlcur7sa0001ih04x5o2al5x,https://res.cloudinary.com/disd7lhsd/image/upload/v1770500984/remostore/products/glscsus0v56z0o039dho.jpg,Remo Store,cosmetics
cmlcvn4w60003js04lf0chcuy," Blusher and contour creamy"," Blusher and contour creamy",in stock,new,250 EGP,https://www.remostore.net/product/cmlcvn4w60003js04lf0chcuy,https://res.cloudinary.com/disd7lhsd/image/upload/v1770502430/remostore/products/bwuqdc2ururer0bcg5sg.jpg,Remo Store,cosmetics
cmlcvqqbk0001kz04lsgmds7o,"Ø¨Ù„Ø§Ø´Ø± 4Ù„ÙˆÙ†","Ø¨Ù„Ø§Ø´Ø± 4Ù„ÙˆÙ†",in stock,new,190 EGP,https://www.remostore.net/product/cmlcvqqbk0001kz04lsgmds7o,https://res.cloudinary.com/disd7lhsd/image/upload/v1770502802/remostore/products/mxhrhmlxxht6gqnf6dsp.jpg,Remo Store,cosmetics
cmlcvtvs50001l404jnhiuoml,"Ù‡ÙŠÙ„ÙŠØªØ± 4 Ù„ÙˆÙ† Ø±ÙˆØ² Ø¨Ø§Ø±ÙŠ ","Ù‡ÙŠÙ„ÙŠØªØ± 4 Ù„ÙˆÙ† Ø±ÙˆØ² Ø¨Ø§Ø±ÙŠ ",in stock,new,190 EGP,https://www.remostore.net/product/cmlcvtvs50001l404jnhiuoml,https://res.cloudinary.com/disd7lhsd/image/upload/v1770502982/remostore/products/lvny45fhxprqfk0qklye.jpg,Remo Store,cosmetics
cmlcvy5ls0001jl048tzbyt35,"ØªÙ†Øª ÙƒØ±ÙŠÙ…ÙŠ Ø±ÙˆØ² Ø¨Ø§Ø±ÙŠ","ØªÙ†Øª ÙƒØ±ÙŠÙ…ÙŠ Ø±ÙˆØ² Ø¨Ø§Ø±ÙŠ",in stock,new,110 EGP,https://www.remostore.net/product/cmlcvy5ls0001jl048tzbyt35,https://res.cloudinary.com/disd7lhsd/image/upload/v1770503119/remostore/products/cgjg3kmmljripwjjnkjk.jpg,Remo Store,cosmetics
cmlcw2qdj0001l804hu1hr4rc,"Ø§ÙŠØ´Ø§Ø¯Ùˆ 100 Ù„ÙˆÙ† ","Ø§ÙŠØ´Ø§Ø¯Ùˆ 100 Ù„ÙˆÙ† ",in stock,new,200 EGP,https://www.remostore.net/product/cmlcw2qdj0001l804hu1hr4rc,https://res.cloudinary.com/disd7lhsd/image/upload/v1770503375/remostore/products/vjbqvfagbfkrsistakb4.jpg,Remo Store,cosmetics
cmlcwdz510007jm04h7y51e0e,"Ø¨Ø±ÙŠÙ…Ø± ","Ø¨Ø±ÙŠÙ…Ø± ",in stock,new,160 EGP,https://www.remostore.net/product/cmlcwdz510007jm04h7y51e0e,https://res.cloudinary.com/disd7lhsd/image/upload/v1770503900/remostore/products/sfgemd3cz70xps0pozv1.jpg,Remo Store,cosmetics
cmlcwh7xt0009jm044kgsa6gu,"Ù…ÙˆØ±Ø¯ Ø®Ø¯ÙˆØ¯","Ù…ÙˆØ±Ø¯ Ø®Ø¯ÙˆØ¯",in stock,new,110 EGP,https://www.remostore.net/product/cmlcwh7xt0009jm044kgsa6gu,https://res.cloudinary.com/disd7lhsd/image/upload/v1770504089/remostore/products/mgajfppv2qzf6gxsplzj.jpg,Remo Store,cosmetics
cmlgl5eop000dl404xvlplfbt,"Training sport girl","Training sport girl",in stock,new,490 EGP,https://www.remostore.net/product/cmlgl5eop000dl404xvlplfbt,https://res.cloudinary.com/disd7lhsd/image/upload/v1770726391/remostore/products/gfrairxem3juol4febhq.jpg,Remo Store,cosmetics
cmlin5y310003l1049pq5za7o,"Ø¥Ø³Ø¯Ø§Ù„ Ø§Ù„Ø§Ù… ÙˆØ¨Ù†ØªÙ‡Ø§ ","Ø¥Ø³Ø¯Ø§Ù„ Ø§Ù„Ø§Ù… ÙˆØ¨Ù†ØªÙ‡Ø§ ",in stock,new,350 EGP,https://www.remostore.net/product/cmlin5y310003l1049pq5za7o,https://res.cloudinary.com/disd7lhsd/image/upload/v1770851272/remostore/products/rdtqoplzyh6kszfrp3zw.jpg,Remo Store,cosmetics
cmlipd6mg0005l104rggbj975,"ØªÙŠØ´Ø±Øª Ù‚Ø·Ù† Ù„Ù„Ø±Ø¬Ø§Ù„","ØªÙŠØ´Ø±Øª Ù‚Ø·Ù† Ù„Ù„Ø±Ø¬Ø§Ù„",in stock,new,650 EGP,https://www.remostore.net/product/cmlipd6mg0005l104rggbj975,https://res.cloudinary.com/disd7lhsd/image/upload/v1770854915/remostore/products/zzaspk9f7cqkf0uu8gtp.jpg,Remo Store,T-Shirts
cmliu10hs0006ib04pavw65f5,"Ù…Ø³ÙƒØ±Ø© Ø¯Ø¨Ù„ Ø´ÙŠØ¬Ù„Ø§Ù… ","Ù…Ø³ÙƒØ±Ø© Ø¯Ø¨Ù„ Ø´ÙŠØ¬Ù„Ø§Ù… ",in stock,new,350 EGP,https://www.remostore.net/product/cmliu10hs0006ib04pavw65f5,https://res.cloudinary.com/disd7lhsd/image/upload/v1770862653/remostore/products/xevo91wvo2b4buvktfjm.png,Remo Store,Shein
cmliuknho0001l804ii0k8dbu,"ğŸ’„ ÙƒÙ†ØªÙˆØ± SHEGLAM Buttery Buff ","ğŸ’„ ÙƒÙ†ØªÙˆØ± SHEGLAM Buttery Buff ",in stock,new,350 EGP,https://www.remostore.net/product/cmliuknho0001l804ii0k8dbu,https://res.cloudinary.com/disd7lhsd/image/upload/v1770863079/remostore/products/dctd4dhazymgmrprs6y8.png,Remo Store,cosmetics
cmliuta56000cju0402i18x7l,"Ù…Ù†ÙØ® Ø§Ù„Ø´ÙØ§Ù‡ 3.5 Ø¬Ø±Ø§Ù… ğŸ’‹","Ù…Ù†ÙØ® Ø§Ù„Ø´ÙØ§Ù‡ 3.5 Ø¬Ø±Ø§Ù… ğŸ’‹",in stock,new,150 EGP,https://www.remostore.net/product/cmliuta56000cju0402i18x7l,https://res.cloudinary.com/disd7lhsd/image/upload/v1770863936/remostore/products/n6mhniqmemurkknpt9wo.png,Remo Store,Shein
cmlivd18t0004l8040rohzpj3,"Ù…Ø¬Ù…ÙˆØ¹Ø© Ø³ÙƒÙŠÙ† ÙƒÙŠØ±  Xioimy 345 Ø§Ù„Ù…Ù‡Ø¯Ø¦Ø©","Ù…Ø¬Ù…ÙˆØ¹Ø© Ø³ÙƒÙŠÙ† ÙƒÙŠØ±  Xioimy 345 Ø§Ù„Ù…Ù‡Ø¯Ø¦Ø©",in stock,new,450 EGP,https://www.remostore.net/product/cmlivd18t0004l8040rohzpj3,https://res.cloudinary.com/disd7lhsd/image/upload/v1770864837/remostore/products/hye77fofkigm9ticnyk5.png,Remo Store,Shein
cmlivrtr10003ky04ooeraie5,"Ù…Ø¬Ù…ÙˆØ¹Ø© ØªØ±Ø·ÙŠØ¨ QUIYUM Ø¨Ø­Ù…Ø¶ Ø§Ù„Ù‡ÙŠØ§Ù„ÙˆØ±ÙˆÙ†ÙŠÙƒğŸ’™","Ù…Ø¬Ù…ÙˆØ¹Ø© ØªØ±Ø·ÙŠØ¨ QUIYUM Ø¨Ø­Ù…Ø¶ Ø§Ù„Ù‡ÙŠØ§Ù„ÙˆØ±ÙˆÙ†ÙŠÙƒğŸ’™",in stock,new,480 EGP,https://www.remostore.net/product/cmlivrtr10003ky04ooeraie5,https://res.cloudinary.com/disd7lhsd/image/upload/v1770865585/remostore/products/usyg6dacsxvlu2eetsnu.png,Remo Store,Shein
cmliw8g300003jo0480flh0kp,"Ø£Ø­Ù…Ø± Ø®Ø¯ÙˆØ¯ Ø³Ø§Ø¦Ù„ SHEGLAM Ø¨Ù„Ù…Ø³Ø© Ù…Ø·ÙÙŠØ© Ø·Ø¨ÙŠØ¹ÙŠØ© ÙˆØ¬Ø°Ø§Ø¨Ø© ğŸ’•","Ø£Ø­Ù…Ø± Ø®Ø¯ÙˆØ¯ Ø³Ø§Ø¦Ù„ SHEGLAM Ø¨Ù„Ù…Ø³Ø© Ù…Ø·ÙÙŠØ© Ø·Ø¨ÙŠØ¹ÙŠØ© ÙˆØ¬Ø°Ø§Ø¨Ø© ğŸ’•",in stock,new,300 EGP,https://www.remostore.net/product/cmliw8g300003jo0480flh0kp,https://res.cloudinary.com/disd7lhsd/image/upload/v1770866410/remostore/products/nz6aj5vg8lnelsux2vgh.png,Remo Store,Shein
cmliwj8jv0001ji04w4sl8j1n,"ğŸ¨ğŸ’„ SHEGLAM Retro Coast Palette â€“ Ø¨Ø§Ù„ÙŠØª 15 Ù„ÙˆÙ†","ğŸ¨ğŸ’„ SHEGLAM Retro Coast Palette â€“ Ø¨Ø§Ù„ÙŠØª 15 Ù„ÙˆÙ†",in stock,new,480 EGP,https://www.remostore.net/product/cmliwj8jv0001ji04w4sl8j1n,https://res.cloudinary.com/disd7lhsd/image/upload/v1770866934/remostore/products/ozizjyt7s4tchodaopqe.png,Remo Store,Shein
cmlixjyul0006js040u67zwvn,"Ø¨Ø§Ù„ÙŠØª Ø¢ÙŠØ´Ø§Ø¯Ùˆ Ù„Ø§Ø±ÙŠÙ† (32 Ù„ÙˆÙ†) - Ø³Ø± Ø¥Ø·Ù„Ø§Ù„ØªÙƒ Ø§Ù„Ø³Ø§Ø­Ø±Ø© ğŸ”¥ğŸ”¥","Ø¨Ø§Ù„ÙŠØª Ø¢ÙŠØ´Ø§Ø¯Ùˆ Ù„Ø§Ø±ÙŠÙ† (32 Ù„ÙˆÙ†) - Ø³Ø± Ø¥Ø·Ù„Ø§Ù„ØªÙƒ Ø§Ù„Ø³Ø§Ø­Ø±Ø© ğŸ”¥ğŸ”¥",in stock,new,155 EGP,https://www.remostore.net/product/cmlixjyul0006js040u67zwvn,https://res.cloudinary.com/disd7lhsd/image/upload/v1770868548/remostore/products/nyvqacellliy0yu0zdtl.png,Remo Store,cosmetics
cmljff05i0004js045zgfsz9w,"Ø¨Ù„Ø§Ø´Ø± ÙƒØ±ÙŠÙ…ÙŠ ","Ø¨Ù„Ø§Ø´Ø± ÙƒØ±ÙŠÙ…ÙŠ ",in stock,new,60 EGP,https://www.remostore.net/product/cmljff05i0004js045zgfsz9w,https://res.cloudinary.com/disd7lhsd/image/upload/v1770898577/remostore/products/xtdtnpizv1cwytxqgjj9.png,Remo Store,cosmetics
cmljght6h000ojo04blaildog,"Ø§Ø³Ø¨Ù„Ø§Ø´ ÙƒØ§ÙŠÙ„ÙŠ ÙˆÙŠØ§Ø±Ø§","Ø§Ø³Ø¨Ù„Ø§Ø´ ÙƒØ§ÙŠÙ„ÙŠ ÙˆÙŠØ§Ø±Ø§",in stock,new,180 EGP,https://www.remostore.net/product/cmljght6h000ojo04blaildog,https://res.cloudinary.com/disd7lhsd/image/upload/v1770899900/remostore/products/p2k0p4uxyyaclvozdgwa.jpg,Remo Store,cosmetics
cmlkyj3k90001lb04sg60ero4,"Ø°Ø§ Ø¨ÙˆØ¯ÙŠ Ø´ÙˆØ¨ Ø¨Ø±ÙØ§Ù† ÙˆÙ„ÙˆØ´Ù† ","Ø°Ø§ Ø¨ÙˆØ¯ÙŠ Ø´ÙˆØ¨ Ø¨Ø±ÙØ§Ù† ÙˆÙ„ÙˆØ´Ù† ",in stock,new,160 EGP,https://www.remostore.net/product/cmlkyj3k90001lb04sg60ero4,https://res.cloudinary.com/disd7lhsd/image/upload/v1770991235/remostore/products/ifvk93oqx7fp7j0et3ie.jpg,Remo Store,cosmetics
cmllew1nu000cjr043ed9chw4,"Ù‡ÙˆØ¯ÙŠ Ø´Ø¨Ø§Ø¨ÙŠ","Manfinity BRENVOR Men's Japanese Dragon Print Knitted Long Sleeve Hoodie, For Fall Winter",in stock,new,1280 EGP,https://www.remostore.net/product/cmllew1nu000cjr043ed9chw4,https://res.cloudinary.com/disd7lhsd/image/upload/v1770834182/remostore/products/gubmcjlwfzkspesoy94f.jpg,Remo Store,Shein
cmllf7do20006jm048ca5qrdo,"Ø´ÙˆØ±Øª Ø´Ø¨Ø§Ø¨ÙŠ","Plus Size Straight Cut Casual/Sports Bermuda Shorts, Suitable For Summer",in stock,new,1100 EGP,https://www.remostore.net/product/cmllf7do20006jm048ca5qrdo,https://res.cloudinary.com/disd7lhsd/image/upload/v1771019045/remostore/products/riuakugxz8nfvgz9rhk9.jpg,Remo Store,Shein
cmllfg27e0009jm04ub5n8mue,"Ù‚Ù…ÙŠØ³ Ø´Ø¨Ø§Ø¨ÙŠ ","Manfinity Homme Loose Fit Men's Ombre Japanese Letter Graphic Drop Shoulder Kimono Jacket (No T-Shirt Included) Japanese Shirt Men Summer Top Mens Shirta",in stock,new,1040 EGP,https://www.remostore.net/product/cmllfg27e0009jm04ub5n8mue,https://res.cloudinary.com/disd7lhsd/image/upload/v1771019535/remostore/products/qthcj5hierbf3erjw5zp.jpg,Remo Store,Shein
cmllfopu3000jjr04v7sovmjb,"Ù£ ØªÙŠØ´Ø±ØªØ§Øª Ø´Ø¨Ø§Ø¨ÙŠ ","Ù£ ØªÙŠØ´Ø±ØªØ§Øª Ø´Ø¨Ø§Ø¨ÙŠ ",in stock,new,1540 EGP,https://www.remostore.net/product/cmllfopu3000jjr04v7sovmjb,https://res.cloudinary.com/disd7lhsd/image/upload/v1771020054/remostore/products/n4hkdcbfizobjt5gsq3m.jpg,Remo Store,Shein